protein_sequence,enzyme_classification,uniprot_id,pdb_id,alphafold_id,substrate,product,yield,quantum_yield,er,ee,wavelength_nm,ph_condition,temp_celsius,substrate_concentration,solvent,enzyme_loading,reaction_time,citation
GluER-T36A (Fig 3),ERED,A1E8I9,6MYW,,10,11,92%,N/A,94:6 er,,500,8,35,N/A,100 mM KPi + 10% glycerol,0.5,36,"Fu & Hyster, Nature Rev. Chem. 2024"
GluER-T36A (Fig 3),ERED,A1E8I10,6MYW,,10,11,33%,6.80%,93:7 er,,500,8,35,N/A,100 mM KPi + 3% isopropanol,0.15,48,"Fu & Hyster, Nature Rev. Chem. 2025"
GluER-T36A (Fig 3),ERED,A1E8I11,6MYW,,15a,15a,75%,N/A,">99:1 er, 92:8 dr",,500,8,35,N/A,100 mM KPi + 10% glycerol,0.5,36,"Fu & Hyster, Nature Rev. Chem. 2026"
GluER-T36A (Fig 3),ERED,A1E8I12,6MYW,,15b,15b,99%,N/A,76:24 er,,500,8,35,N/A,100 mM KPi + 10% glycerol,0.5,36,"Fu & Hyster, Nature Rev. Chem. 2027"
GluER-T36A (Fig 3),ERED,A1E8I13,6MYW,,15c,15c,51%,N/A,93:7 er,,500,8,35,N/A,100 mM KPi + 10% glycerol,0.5,36,"Fu & Hyster, Nature Rev. Chem. 2028"
GluER-T36A (Fig 3),ERED,A1E8I14,6MYW,,15e,15e,87%,N/A,90:10 er,,500,8,35,N/A,100 mM KPi + 10% glycerol,0.5,36,"Fu & Hyster, Nature Rev. Chem. 2029"
GluER-T36A (Fig 3),ERED,A1E8I15,6MYW,,17,18,91%,N/A,66:34 er,,500,7,25,N/A,100 mM KPi + 1% DMSO,0.25,18,"Fu & Hyster, Nature Rev. Chem. 2030"
GluER-T36A (Fig 3),ERED,A1E8I16,6MYW,,"N,N-dimethylchloroacetamide, α-methylstyrene (31, 32)",(R)-γ-stereogenic product (33),99%,N/A,99:1 er,,500,9,25,N/A,100 mM Tris + 10% DMSO,1,24,"Fu & Hyster, Nature Rev. Chem. 2031"
GluER-wt ,ERED,,,,10,11,20%,2.40%,91:9 er,,500,8,35,N/A,100 mM KPi + 3% isopropanol,0.15,48,"Fu & Hyster, Nature Rev. Chem. 2032"
GluER-wt ,ERED,,,,16a,16a,18%,1.50%,N/A,,500,8,35,N/A,100 mM KPi + 3% isopropanol,0.15,48,"Fu & Hyster, Nature Rev. Chem. 2033"
GluER-wt ,ERED,,,,16b,16b,28%,0.60%,N/A,,500,8,35,N/A,100 mM KPi + 3% isopropanol,0.15,48,"Fu & Hyster, Nature Rev. Chem. 2034"
GluER-wt ,ERED,,,,16c,16c,13%,0.03%,N/A,,500,8,35,N/A,100 mM KPi + 3% isopropanol,0.15,48,"Fu & Hyster, Nature Rev. Chem. 2035"
GluER-wt ,ERED,,,,16d,16d,25%,0.50%,N/A,,500,8,35,N/A,100 mM KPi + 3% isopropanol,0.15,48,"Fu & Hyster, Nature Rev. Chem. 2036"
GluER-T36A/K317M/Y343F (-G6),ERED,,,,10,11,90%,10.50%,97:3 er,,500,8,35,N/A,100 mM KPi + 3% isopropanol,0.15,48,"Fu & Hyster, Nature Rev. Chem. 2037"
GluER-T36A/K317M/Y343F (-G6),ERED,,,,16a,16a,82%,6.30%,N/A,,500,8,35,N/A,100 mM KPi + 3% isopropanol,0.15,48,"Fu & Hyster, Nature Rev. Chem. 2038"
GluER-T36A/K317M/Y343F (-G6),ERED,,,,17,18,95%,N/A,80:20 er,,500,7,25,N/A,100 mM KPi + 1% DMSO,0.25,18,"Fu & Hyster, Nature Rev. Chem. 2039"
GluER-T36A/K317M/Y343F (-G6),ERED,,,,20,21,92%,N/A,99:1 er,,500,8,25,N/A,100 mM TEOA + 10% isopropanol,1,24,"Fu & Hyster, Nature Rev. Chem. 2040"
GluER-T36A/K317M/Y343F (-G6),ERED,,,,24a,24a,82%,N/A,99:1 er,,500,8,25,N/A,100 mM TEOA + 10% isopropanol,1,24,"Fu & Hyster, Nature Rev. Chem. 2041"
GluER-T36A/K317M/Y343F (-G6),ERED,,,,24b,24b,69%,N/A,91:9 er,,500,8,25,N/A,100 mM TEOA + 10% isopropanol,1,24,"Fu & Hyster, Nature Rev. Chem. 2042"
GluER-T36A/K317M/Y343F (-G6),ERED,,,,24c,24c,56%,N/A,70:30 er,,500,8,25,N/A,100 mM TEOA + 10% isopropanol,1,24,"Fu & Hyster, Nature Rev. Chem. 2043"
GluER-T36A/K317M/Y343F (-G6),ERED,,,,24d,24d,75%,N/A,57:43 er,,500,8,25,N/A,100 mM TEOA + 10% isopropanol,1,24,"Fu & Hyster, Nature Rev. Chem. 2044"
GluER-T36A/K317M/Y343F (-G6),ERED,,,,24e,24e,49%,N/A,61:39 er,,500,8,25,N/A,100 mM TEOA + 10% isopropanol,1,24,"Fu & Hyster, Nature Rev. Chem. 2045"
GluER-T36A/W66A,ERED,,,,16b,16b,95%,3.00%,N/A,,500,8,35,N/A,100 mM KPi + 3% isopropanol,0.15,48,"Fu & Hyster, Nature Rev. Chem. 2046"
GluER-T36A/W66A,,,,,16c,16c,50%,1.20%,N/A,,500,8,35,N/A,100 mM KPi + 3% isopropanol,0.15,48,"Fu & Hyster, Nature Rev. Chem. 2047"
GluER-T36A/W66L,ERED,,,,16d,16d,92%,13.30%,N/A,,500,8,35,N/A,100 mM KPi + 3% isopropanol,0.15,48,"Fu & Hyster, Nature Rev. Chem. 2048"
GluER-T36A/K317M/Y343F/F269V,ERED,,,,17,18,95%,N/A,97:3 er,,500,7,25,N/A,100 mM KPi + 1% DMSO,0.25,18,"Fu & Hyster, Nature Rev. Chem. 2049"
GluER-T36A/K317M/Y343F/F269V,ERED,,,,19a,19c,95%,N/A,97:3 er,,500,7,25,N/A,100 mM KPi + 1% DMSO,0.25,18,"Fu & Hyster, Nature Rev. Chem. 2050"
GluER-T36A/K317M/Y343F/F269V,ERED,,,,19a,19c,17%,N/A,89:11 er,,500,7,25,N/A,100 mM KPi + 1% DMSO,0.25,18,"Fu & Hyster, Nature Rev. Chem. 2051"
GluER-Y117F,ERED,,,,25,26,92%,N/A,92:8 er,,500,8,12,N/A,100 mM KPi + 10% isopropanol,1.5,48,"Fu & Hyster, Nature Rev. Chem. 2052"
GluER-Y117F,ERED,,,,30,29a,85%,N/A,93:7 er,,500,8,12,N/A,100 mM KPi + 10% isopropanol,1.5,48,"Fu & Hyster, Nature Rev. Chem. 2053"
GluER-Y117F,ERED,,,,30,29a,85%,N/A,93:7 er,,500,8,12,N/A,100 mM KPi,1.5,72,"Fu & Hyster, Nature Rev. Chem. 2054"
GluER-Y117F,ERED,,,,29b,29b,93%,N/A,94:6 er,,500,8,12,N/A,100 mM KPi + 10% isopropanol,1.5,48,"Fu & Hyster, Nature Rev. Chem. 2055"
GluER-Y117F,ERED,,,,29c,29c,90%,N/A,67:33 er,,500,8,12,N/A,100 mM KPi + 10% isopropanol,1.5,48,"Fu & Hyster, Nature Rev. Chem. 2056"
GluER-Y117F,ERED,,,,29d,29d,86%,N/A,86:14 er,,500,8,12,N/A,100 mM KPi + 10% isopropanol,1.5,48,"Fu & Hyster, Nature Rev. Chem. 2057"
GluER-Y117F,ERED,,,,29e,29e,95%,N/A,88:12 er,,500,8,12,N/A,100 mM KPi + 10% isopropanol,1.5,48,"Fu & Hyster, Nature Rev. Chem. 2058"
NCR-wt,ERED,,,,17,18,15%,,90:10 er,,500,7,25,N/A,100 mM KPi + 1% DMSO,0.25,18,"Fu & Hyster, Nature Rev. Chem. 2059"
NCR-Y343W,ERED,,,,17,18,45%,,96:4 er,,500,7,25,N/A,100 mM KPi + 1% DMSO,0.25,18,"Fu & Hyster, Nature Rev. Chem. 2060"
NCR-D294W/Y343W,ERED,,,,17,18,95%,,99:1 er,,500,7,25,N/A,100 mM KPi + 1% DMSO,0.25,18,"Fu & Hyster, Nature Rev. Chem. 2061"
NCR-D294W/Y343W,ERED,,,,17,18,95%,,99:1 er,,500,7,25,N/A,100 mM KPi + 1% DMSO,0.25,18,"Fu & Hyster, Nature Rev. Chem. 2062"
NCR-D294W/Y343W,ERED,,,,17,18,71%,,99:1 er,,500,7,25,N/A,100 mM KPi + 1% DMSO,0.25,18,"Fu & Hyster, Nature Rev. Chem. 2063"
NostocER,ERED,,,,"N,N-dimethylchloroacetamide, α-methylstyrene (31, 32)",(S)-γ-stereogenic product (33),96%,N/A,10:90 er,,500,9,25,N/A,100 mM Tris + 10% DMSO,1,24,"Fu & Hyster, Nature Rev. Chem. 2064"
MorB-Y27F (Fig 3: 16d),ERED,,,,,,,,,,,,,,,,,
LacER (Fig 3: 16f),ERED,,,,,,,,,,,,,,,,,
LacER (Fig 3: 16f),ERED,,,,,,,,,,,,,,,,,
LacER (Fig 3: 16f),ERED,,,,,,,,,,,,,,,,,
LacER (Fig 3: 16f),ERED,,,,,,,,,,,,,,,,,
LacER (Fig 3: 16f),ERED,,,,,,,,,,,,,,,,,
GluER-T36A/Y343F,ERED,,,,,,,,,,,,,,,,,
NCR-F269V,ERED,,,,,,,,,,,,,,,,,
NCR-D294W/Y343W,ERED,,,,,,,,,,,,,,,,,
NCR-C9,ERED,,,,,,,,,,,,,,,,,
GkOYE-G7,ERED,,,,,,,,,,,,,,,,,
MonstER (wild-type),ERED,,,,,,,,,,,,,,,,,
MEIPVIEPLFTKVTEDIPGAAGPVFDKNGDFYIVAPYVEVNGKPAGEILR IDLKTGKKTVICKPEVNGYGGIPAGCQCDRDANQLFVADMRLGLLVVQTD GTFEEIAKKDSEGRRMQGCAYCAFDYEGNLWITAPAGEVAPADFTISLQE KFGSIYCFTTDGQMIQVDTAFQBPAGIAVRHMNDGRPYQLIVAEQPTKKL WSYDIKGPAKIENKKVWGHIPGTHKGGAAGMDFDEDNNLLVANWGSSHIE VFGPDGGQPKMRIRCPFEKPSALHFKPQTKTIFVTEHENNAVWKFEWQRN GKKQYCETLKFGIFGSLEHHHHHH ,EnT1.0,,,,4-(but-3-en-1-yloxy)quinolin-2(1H)-one (1),"3,3a,4,4a-tetrahydro-2H-furo[2′,3′:2,3]cyclobuta[1,2-c]quinolin-5(6H)-one, 2,3,4,4a-tetrahydro-4,10b-methanopyrano[3,2-c]quinolin-5(6H)-one",N/A,,,46,365,7.4,4,0.4,,1.5,,https://www.nature.com/articles/s41586-022-05335-3#MOESM1
MEIPVIEPLFTKVTEDIPGAAGPVFDKNGDFYIVAPYVEVNGKPAGEILRIDLKTGKKTVICKPEVNGYGGIPAGCQCDRDANQLFVADARLGLLVVQTDGTFEEIAKKDSEGRRMQGCAYCAFDYEGNLWITAPAGEVAPADFTISLQEKFGSIYCFTTDGQMIQVDTAFQBPAGIAVRHMNDGRPYQLIVAEQPTKKLWSYDIKGPAKIENKKVWGHIPGTHKGGAAGMDFDEDNNLLVANWGSSHIEVFGPDGGQPKMRIRCPFEKPSALHFKPQTKTIFVTEHENNAVWKFEWQRNGKKQYCETLKFGIFGSLEHHHHHH,EnT1.1,,,,4-(but-3-en-1-yloxy)quinolin-2(1H)-one (1),"3,3a,4,4a-tetrahydro-2H-furo[2′,3′:2,3]cyclobuta[1,2-c]quinolin-5(6H)-one, 2,3,4,4a-tetrahydro-4,10b-methanopyrano[3,2-c]quinolin-5(6H)-one",N/A,,,60,365,7.4,4,0.4,,1.5,,https://www.nature.com/articles/s41586-022-05335-3#MOESM1
MEIPVIEPLFTKVTEDIPGAAGPVFDKNGDFYIVAPYVEVNGKPAGEILRIDLKTGKKTVICKPEVNGYGGIPAGCQCDRDANQLFVADARLGLLVVQTDGTFEEIAKKDSEGRRMQGCAYCAFDYEGNLWITAPAGEVAPADFTISLDEKFGSIYCFTTDGQMIQVDTAFQBPAGIAVRHMNDGRPYQLIVAEQRTKKLWSYDIKGPAKIENKKVWGHIPGTHEGGASGMDFDEDNNLLVANWGSSHIEVFGPDGGQPKMRIRCPFEKPSALHFKPQTKTIFVTEHENNAVWKFEWQRNGKKQYCETLKFGIFGSLEHHHHHH,EnT1.3,,,,4-(but-3-en-1-yloxy)quinolin-2(1H)-one (1),"3,3a,4,4a-tetrahydro-2H-furo[2′,3′:2,3]cyclobuta[1,2-c]quinolin-5(6H)-one, 2,3,4,4a-tetrahydro-4,10b-methanopyrano[3,2-c]quinolin-5(6H)-one",94%,,,99,365,7.4,4,0.4,,1.5,2,https://www.nature.com/articles/s41586-022-05335-3#MOESM1
MEIPVIEPLFTKVTEDIPGAAGPVFDKNGDFYIVAPYVEVNGKPAGEILRIDLKTGKKTVICKPEVNGYGGIPAGCQCDRDANQLFVADARLGLLVVQTDGTFEEIAKKDSEGRRMQGCAYCAFDYEGNLWITAPAGEVAPADFTISLDEKFGSIYCFTTDGQMIQVDTAFQBPAGIAVRHMNDGRPYQLIVAEQRTKKLWSYDIKGPAKIENKKVWGHIPGTHEGGASGMDFDEDNNLLVANWGSSHIEVFGPDGGQPKMRIRCPFEKPSALHFKPQTKTIFVTEHENNAVWKFEWQRNGKKQYCETLKFGIFGSLEHHHHHH,EnT1.3,,,,4-(but-3-en-1-yloxy)quinolin-2(1H)-one (1),"3,3a,4,4a-tetrahydro-2H-furo[2′,3′:2,3]cyclobuta[1,2-c]quinolin-5(6H)-one, 2,3,4,4a-tetrahydro-4,10b-methanopyrano[3,2-c]quinolin-5(6H)-one",100%,,,99,365,7.4,4,0.4,,2.5,1,https://www.nature.com/articles/s41586-022-05335-3#MOESM2
MEIPVIEPLFTKVTEDIPGAAGPVFDKNGDFYIVAPYVEVNGKPAGEILRIDLKTGKKTVICKPEVNGYGGIPAGCQCDRDANQLFVADARLGLLVVQTDGTFEEIAKKDSEGRRMQGCAYCAFDYEGNLWITAPAGEVAPADFTISLDEKFGSIYCFTTDGQMIQVDTAFQBPAGIAVRHMNDGRPYQLIVAEQRTKKLWSYDIKGPAKIENKKVWGHIPGTHEGGASGMDFDEDNNLLVANWGSSHIEVFGPDGGQPKMRIRCPFEKPSALHFKPQTKTIFVTEHENNAVWKFEWQRNGKKQYCETLKFGIFGSLEHHHHHH,EnT1.3,,,,"4-(pent-4-en-1-yloxy)quinolin-2(1H)-one (2), ","2,3,4,4a,5,5a-hexahydropyrano[2′,3′:2,3]cyclobuta[1,2-c]quinolin-6(7H)-one, regioisomer",100%,,,99,365,7.4,4,0.3,,10,4,https://www.nature.com/articles/s41586-022-05335-3#MOESM1
"MEIPVIEPLFTKVTEDIPGAAGPVFDKNGDFYIVAPYVEVNGKPAGEILR
IDLKTGKKTVICKPEVNGYGGIPAGCQCDRDANQLFVADARLGLLVVQTD
GTFEEIAKKDSEGRRMQGCAYCAFDYEGNLWITAPAGEVAPADFTISLDE
KFGSIYCFTTDGQMIQVDTAFQBPAGIAVRHMNDGRPYQLIVAEQPTKKL
WSYDIKGPAKIENKKVWGHIPGTHKGGASGMDFDEDNNLLVANWGSSHIE
VFGPDGGQPKMRIRCPFEKPSALHFKPQTKTIFVTEHENNAVWKFEWQRN
GKKQYCETLKFGIFGSLEHHHHHH",EnT1.2,,,,4-((4-methylpent-3-en-1-yl)oxy)quinolin-2(1H)-one,"4,4-dimethyl-3,3a,4,4a-tetrahydro-2H-furo[2′,3′:2,3]cyclobuta[1,2-c]quinolin-5(6H)-one",76%,,,80,365,7.4,4,0.2,,7.5,4,https://www.nature.com/articles/s41586-022-05335-3#MOESM2
MEIPVIEPLFTKVTEDIPGAAGPVFDKNGDFYIVAPYVEVNGKPAGEILRIDLKTGKKTVICKPEVNGYGGIPAGCQCDRDANQLFVADARLGLLVVQTDGTFEEIAKKDSEGRRMQGCAYCAFDYEGNLWITAPAGEVAPADFTISLDEKFGSIYCFTTDGQMIQVDTAFQBPAGIAVRHMNDGRPYQLIVAEQRTKKLWSYDIKGPAKIENKKVWGHIPGTHEGGASGMDFDEDNNLLVANWGSSHIEVFGPDGGQPKMRIRCPFEKPSALHFKPQTKTIFVTEHENNAVWKFEWQRNGKKQYCETLKFGIFGSLEHHHHHH,EnT1.3,,,,4-(allyloxy)quinolin-2(1H)-one,"3,3a-dihydro-2H-3,9b-methanofuro[3,2-c]quinolin-4(5H)-one",98%,,,92,365,7.4,4,0.5,,5,2,https://www.nature.com/articles/s41586-022-05335-3#MOESM3
MEIPVIEPLFTKVTEDIPGAAGPVFDKNGDFYIVAPYVEVNGKPAGEILRIDLKTGKKTVICKPEVNGYGGIPAGCQCDRDANQLFVADARLGLLVVQTDGTFEEIAKKDSEGRRMQGCAYCAFDYEGNLWITAPAGEVAPADFTISLDEKFGSIYCFTTDGQMIQVDTAFQBPAGIAVRHMNDGRPYQLIVAEQRTKKLWSYDIKGPAKIENKKVWGHIPGTHEGGASGMDFDEDNNLLVANWGSSHIEVFGPDGGQPKMRIRCPFEKPSALHFKPQTKTIFVTEHENNAVWKFEWQRNGKKQYCETLKFGIFGSLEHHHHHH,EnT1.3,,,,4-(but-3-en-1-yloxy)-3-methylquinolin-2(1H)-one,"4a-methyl-3,3a,4,4atetrahydro-2H-furo[2′,3′:2,3]cyclobuta[1,2c]quinolin-5(6H)-one",95%,,,82,365,7.4,4,0.4,,7.5,4,https://www.nature.com/articles/s41586-022-05335-3#MOESM4
MEIPVIEPLFTKVTEDIPGAAGPVFDKNGDFYIVAPYVEVNGKPAGEILRIDLKTGKKTVICKPEVNGYGGIPAGCQCDRDANQLFVADARLGLLVVQTDGTFEEIAKKDSEGRRMQGCAYCAFDYEGNLWITAPAGEVAPADFTISLDEKFGSIYCFTTDGQMIQVDTAFQBPAGIAVRHMNDGRPYQLIVAEQRTKKLWSYDIKGPAKIENKKVWGHIPGTHEGGASGMDFDEDNNLLVANWGSSHIEVFGPDGGQPKMRIRCPFEKPSALHFKPQTKTIFVTEHENNAVWKFEWQRNGKKQYCETLKFGIFGSLEHHHHHH,EnT1.3,,,,"1,2,3,3a,4,4a-hexahydrocyclopenta[2,3]cyclobuta[1,2-c]quinolin-5(6H)-one",4-(pent-4-en-1-yl)quinolin-2(1H)-one,100%,,,95,365,7.4,4,0.4,,5,3,https://www.nature.com/articles/s41586-022-05335-3#MOESM5
MEIPVIEPLFTKVTEDIPGAAGPVFDKNGDFYIVAPYVEVNGKPAGEILRIDLKTGKKTVICKPEVNGYGGIPAGCQCDRDANQLFVADARLGLLVVQTDGTFEEIAKKDSEGRRMQGCAYCAFDYEGNLWITAPAGEVAPADFTISLDEKFGSIYCFTTDGQMIQVDTAFQBPAGIAVRHMNDGRPYQLIVAEQRTKKLWSYDIKGPAKIENKKVWGHIPGTHEGGASGMDFDEDNNLLVANWGSSHIEVFGPDGGQPKMRIRCPFEKPSALHFKPQTKTIFVTEHENNAVWKFEWQRNGKKQYCETLKFGIFGSLEHHHHHH,EnT1.3,,,,4-(hex-5-en-1-yl)quinolin-2(1H)-one,"2,3,4,4a,5,5a-hexahydro-1H-benzo[2,3]cyclobuta[1,2-c]quinolin-6(7H)-one",95%,,,94,365,7.4,4,0.4,,10,3,https://www.nature.com/articles/s41586-022-05335-3#MOESM6
"MEIPVIEPLFTKVTEDIPGAAGPVFDKNGDFYIVAPYVEVNGKPAGEILR
IDLKTGKKTVICKPEVNGYGGIPAGCQCDRDANQLFVADARLGLLVVQTD
GTFEEIAKKDSEGRRMQGCAYCAFDYEGNLWITAPAGEVAPADFTISLDE
KFGSIYCFTTDGQMIQVDTAFQBPAGIAVRHMNDGRPYQLIVAEQPTKKL
WSYDIKGPAKIENKKVWGHIPGTHKGGASGMDFDEDNNLLVANWGSSHIE
VFGPDGGQPKMRIRCPFEKPSALHFKPQTKTIFVTEHENNAVWKFEWQRN
GKKQYCETLKFGIFGSLEHHHHHH",EnT1.2,,,,4-(5-methylhex-4-en-1-yl)quinolin-2(1H)-one,"4,4-dimethyl-1,2,3,3a,4,4a-hexahydrocyclopenta[2,3]cyclobuta[1,2-c]quinolin-5(6H)-one",98%,,,26,365,7.4,4,0.3,,7.5,4,https://www.nature.com/articles/s41586-022-05335-3#MOESM7
"MGSSHHHHHHSSGLVPRGSHMEIPVIEPLFTKVTEDIPGAAGPVFDKNGD
FYIVAPYVEVNGKPAGEILRIDLKTGKKTVICKPEVNGYGGIPAGCQCDR
DANQLFVADARLGLLVVQTDGTFEEIAKKDSEGRRMQGCAYCAFDYEGNL
WITAPAGEVAPADFTISLDEKFGSIYCFTTDGQMIQVDTAFQBPAGIAVR
HMNDGRPYQLIVAEQRTKKLWSYDIKGPAKIENKKVWGHIPGTHEGGASG
MDFDEDNNLLVANWGSSHIEVFGPDGGQPKMRIRCPFEKPSALHFKPQTK
TIFVTEHENNAVWKFEWQRNGKKQYCETLK",EnT1.1A229SY37L,,,,4-(5-methylhex-4-en-1-yl)quinolin-2(1H)-one,"4,4-dimethyl-1,2,3,3a,4,4a-hexahydrocyclopenta[2,3]cyclobuta[1,2-c]quinolin-5(6H)-one",98%,,,59,365,7.4,4,0.3,,7.5,4,https://www.nature.com/articles/s41586-022-05335-3#MOESM8
MEIPVIEPLFTKVTEDIPGAAGPVFDKNGDFYIVAPYVEVNGKPAGEILRIDLKTGKKTVICKPEVNGYGGIPAGCQCDRDANQLFVADARLGLLVVQTDGTFEEIAKKDSEGRRMQGCAYCAFDYEGNLWITAPAGEVAPADFTISLDEKFGSIYCFTTDGQMIQVDTAFQBPAGIAVRHMNDGRPYQLIVAEQRTKKLWSYDIKGPAKIENKKVWGHIPGTHEGGASGMDFDEDNNLLVANWGSSHIEVFGPDGGQPKMRIRCPFEKPSALHFKPQTKTIFVTEHENNAVWKFEWQRNGKKQYCETLKFGIFGSLEHHHHHH,EnT1.3,,,,4-(4-methylpent-4-en-1-yl)quinolin-2(1H)-one,"3a-methyl-1,2,3,3a,4,4a-hexahydrocyclopenta[2,3]cyclobuta[1,2-c]quinolin-5(6H)-one",100%,,,97,365,7.4,4,0.4,,5,3,https://www.nature.com/articles/s41586-022-05335-3#MOESM9
MEIPVIEPLFTKVTEDIPGAAGPVFDKNGDFYIVAPYVEVNGKPAGEILRIDLKTGKKTVICKPEVNGYGGIPAGCQCDRDANQLFVADARLGLLVVQTDGTFEEIAKKDSEGRRMQGCAYCAFDYEGNLWITAPAGEVAPADFTISLDEKFGSIYCFTTDGQMIQVDTAFQBPAGIAVRHMNDGRPYQLIVAEQRTKKLWSYDIKGPAKIENKKVWGHIPGTHEGGASGMDFDEDNNLLVANWGSSHIEVFGPDGGQPKMRIRCPFEKPSALHFKPQTKTIFVTEHENNAVWKFEWQRNGKKQYCETLKFGIFGSLEHHHHHH,EnT1.3,,,,"4-((allyloxy)methyl)quinolin-2(1H)-one
","3,3a,4,4a-tetrahydro-1H-furo[3′,4′:2,3]cyclobuta[1,2-c]quinolin-5(6H)-one",89%,,,87,365,7.4,4,0.5,,7.5,3,https://www.nature.com/articles/s41586-022-05335-3#MOESM10
MEIPVIEPLFTKVTEDIPGAAGPVFDKNGDFYIVAPYVEVNGKPAGEILRIDLKTGKKTVICKPEVNGYGGIPAGCQCDRDANQLFVADARLGLLVVQTDGTFEEIAKKDSEGRRMQGCAYCAFDYEGNLWITAPAGEVAPADFTISLDEKFGSIYCFTTDGQMIQVDTAFQBPAGIAVRHMNDGRPYQLIVAEQRTKKLWSYDIKGPAKIENKKVWGHIPGTHEGGASGMDFDEDNNLLVANWGSSHIEVFGPDGGQPKMRIRCPFEKPSALHFKPQTKTIFVTEHENNAVWKFEWQRNGKKQYCETLKFGIFGSLEHHHHHH,EnT1.3,,,,4-(((2-methylallyl)oxy)methyl)quinolin-2(1H)-one,"3a-methyl-3,3a,4,4a-tetrahydro-1H-furo[3′,4′:2,3]cyclobuta[1,2-c]quinolin-5(6H)-one",92%,,,81,365,7.4,4,0.5,,7.5,3,https://www.nature.com/articles/s41586-022-05335-3#MOESM11
"MEIPVIEPLFTKVTEDIPGAAGPVFDKNGDFYIVAPYVEVNGKPAGEILR
IDLKTGKKTVICKPEVNGYGGIPAGCQCDRDANQLFVADARLGLLVVQTD
GTFEEIAKKDSEGRRMQGCAYCAFDYEGNLWITAPAGEVAPADFTISLDE
KFGSIYCFTTDGQMIQVDTAFQBPAGIAVRHMNDGRPYQLIVAEQPTKKL
WSYDIKGPAKIENKKVWGHIPGTHKGGASGMDFDEDNNLLVANWGSSHIE
VFGPDGGQPKMRIRCPFEKPSALHFKPQTKTIFVTEHENNAVWKFEWQRN
GKKQYCETLKFGIFGSLEHHHHHH",EnT1.2,,,,4-(((3-methylbut-2-en-1-yl)oxy)methyl)quinolin-2(1H)-one,"4,4-dimethyl-3,3a,4,4a-tetrahydro-1H-furo[3′,4′:2,3]cyclobuta[1,2-c]quinolin-5(6H)-one",89%,,,48,365,7.4,4,0.5,,7.5,4,https://www.nature.com/articles/s41586-022-05335-3#MOESM12
MEIPVIEPLFTKVTEDIPGAAGPVFDKNGDFYIVAPYVEVNGKPAGEILRIDLKTGKKTVICKPEVNGYGGIPAGCQCDRDANQLFVADARLGLLVVQTDGTFEEIAKKDSEGRRMQGCAYCAFDYEGNLWITAPAGEVAPADFTISLDEKFGSIYCFTTDGQMIQVDTAFQBPAGIAVRHMNDGRPYQLIVAEQRTKKLWSYDIKGPAKIENKKVWGHIPGTHEGGASGMDFDEDNNLLVANWGSSHIEVFGPDGGQPKMRIRCPFEKPSALHFKPQTKTIFVTEHENNAVWKFEWQRNGKKQYCETLKFGIFGSLEHHHHHH,EnT1.3,,,,4-(but-3-en-1-yloxy)-1-methylquinolin-2(1H)-one,"6-methyl-3,3a,4,4a-tetrahydro-2H-furo[2′,3′:2,3]cyclobuta[1,2-c]quinolin-5(6H)-one (straight product),  6-methyl-2,3,4,4a-tetrahydro-4,10b-methanopyrano[3,2-c]quinolin-5(6H)-one (crossed product)",69%,,,36,365,7.4,4,1,,7.5,3,https://www.nature.com/articles/s41586-022-05335-3#MOESM13
N/A,EnT1.3y121f,,,,4-(but-3-en-1-yloxy)-1-methylquinolin-2(1H)-one,"6-methyl-3,3a,4,4a-tetrahydro-2H-furo[2′,3′:2,3]cyclobuta[1,2-c]quinolin-5(6H)-one (straight product),  6-methyl-2,3,4,4a-tetrahydro-4,10b-methanopyrano[3,2-c]quinolin-5(6H)-one (crossed product)",94%,,,78,365,7.4,4,1,,7.5,3,https://www.nature.com/articles/s41586-022-05335-3#MOESM14
N/A,EnT1.3 Y121FS271C,,,,4-(but-3-en-1-yloxy)-1-methylquinolin-2(1H)-one,"6-methyl-3,3a,4,4a-tetrahydro-2H-furo[2′,3′:2,3]cyclobuta[1,2-c]quinolin-5(6H)-one (straight product),  6-methyl-2,3,4,4a-tetrahydro-4,10b-methanopyrano[3,2-c]quinolin-5(6H)-one (crossed product)",99%,,,98,365,7.4,4,1,,7.5,3,https://www.nature.com/articles/s41586-022-05335-3#MOESM15
MEIPVIEPLFTKVTEDIPGAAGPVFDKNGDFYIVAPYVEVNGKPAGEILRIDLKTGKKTVICKPEVNGYGGIPAGCQCDRDANQLFVADARLGLLVVQTDGTFEEIAKKDSEGRRMQGCAYCAFDYEGNLWITAPAGEVAPADFTISLDEKFGSIYCFTTDGQMIQVDTAFQBPAGIAVRHMNDGRPYQLIVAEQRTKKLWSYDIKGPAKIENKKVWGHIPGTHEGGASGMDFDEDNNLLVANWGSSHIEVFGPDGGQPKMRIRCPFEKPSALHFKPQTKTIFVTEHENNAVWKFEWQRNGKKQYCETLKFGIFGSLEHHHHHH,EnT1.3,,,,"2-Quinolone, methyl vinyl ketone","1-acetyl-2,2a,4,8b-tetrahydrocyclobuta[c]quinolin-3(1H)-one",71%,,,97,365,7.4,4,2,,5,4,https://www.nature.com/articles/s41586-022-05335-3#MOESM16
MEIPVIEPLFTKVTEDIPGAAGPVFDKNGDFYIVAPYVEVNGKPAGEILRIDLKTGKKTVICKPEVNGYGGIPAGCQCDRDANQLFVADARLGLLVVQTDGTFEEIAKKDSEGRRMQGCAYCAFDYEGNLWITAPAGEVAPADFTISLDEKFGSIYCFTTDGQMIQVDTAFQBPAGIAVRHMNDGRPYQLIVAEQRTKKLWSYDIKGPAKIENKKVWGHIPGTHEGGASGMDFDEDNNLLVANWGSSHIEVFGPDGGQPKMRIRCPFEKPSALHFKPQTKTIFVTEHENNAVWKFEWQRNGKKQYCETLKFGIFGSLEHHHHHH,EnT1.3,,,,"2-Quinolone,ethyl vinyl ketone","1-propionyl-2,2a,4,8b-tetrahydrocyclobuta[c]quinolin-3(1H)-one",73%,,,97,365,7.4,4,2,,5,4,https://www.nature.com/articles/s41586-022-05335-3#MOESM17
MTTLFDPIKLGDLQLPNRIIMAPLTRCRADEGRVPNALMAEYYVQRASAGLILSEATSVSPMGVGYPDTPGIWNDEQVRGWNNVTKAVHAAGGRIFLQLWHVGRISHPSYLNGELPVAPSAIQPKGHVSLVRPLSDYPTPRALETEEINDIVEAYRSGAENAKAAGFDGVEIHGANGYLLDQFLQSSTNQRTDRYGGSLENRLRLLLEVTDAAIEVWGAQRVGVHLAPRADAHDMGDADRAETFTYVARELGKRGIAFICSREREADDSIGPLIKEAFGGPYIVNERFDKASANAALASGKADAVAFGVPFIANPDLPARLAADAPLNEAHPETFYGKGPVGYIDYPRL,XenB-A232L (E2),,,,"N-protected methylamine precursor, N-protected 1-phenyl-2-propylamine derivative",,,,,,,,,,,,,
MTTLFDPIKLGDLQLPNRIIMAPLTRCRADEGRVPNALMAEYYVQRASAGLILSEATSVSPMGVGYPDTPGIWNDEQVRGWNNVTKAVHAAGGRIFLQLWHVGRISHPSYLNGELPVAPSAIQPKGHVSLVRPLSDYPTPRALETEEINDIVEAYRSGAENAKAAGFDGVEIHGANGYLLDQFLQSSTNQRTDRYGGSLENRLRLLLEVTDAAIEVWGAQRVGVHLAPRADAHDMGDADRAETFTYVARELGKRGIAFICSREREADDSIGPLIKEAFGGPYIVNERFDKASANAALASGKADAVAFGVPFIANPDLPARLAADAPLNEAHPETFYGKGPVGYIDYPRL,XenB-A232L (E2),,,,"Methyl (4-cyanophenoxy)(methyl)carbamate, α-Methylstyrene",Methyl methyl(2-phenylpropyl)carbamate,88%,,,93,440,6.5,20,,"50 mM imidazol buffer, 15% DMSO, 15% Glycerol",2,24-48,https://www.nature.com/articles/s41929-023-00994-5#Sec14
MTTLFDPIKLGDLQLPNRIIMAPLTRCRADEGRVPNALMAEYYVQRASAGLILSEATSVSPMGVGYPDTPGIWNDEQVRGWNNVTKAVHAAGGRIFLQLWHVGRISHPSYLNGELPVAPSAIQPKGHVSLVRPLSDYPTPRALETEEINDIVEAYRSGAENAKAAGFDGVEIHGANGYLLDQFLQSSTNQRTDRYGGSLENRLRLLLEVTDAAIEVWGAQRVGVHLAPRADAHDMGDADRAETFTYVARELGKRGIAFICSREREADDSIGPLIKEAFGGPYIVNERFDKASANAALASGKADAVAFGVPFIANPDLPARLAADAPLNEAHPETFYGKGPVGYIDYPRL,XenB-A232L (E2),,,,"Methyl (4-cyanophenoxy)(ethyl)carbamate, α-Methylstyrene",Methyl ethyl(2-phenylpropyl)carbamate,80%,,,95,440,6.5,20,,"51 mM imidazol buffer, 15% DMSO, 15% Glycerol",2,24-48,https://www.nature.com/articles/s41929-023-00994-5#Sec14
MTTLFDPIKLGDLQLPNRIIMAPLTRCRADEGRVPNALMAEYYVQRASAGLILSEATSVSPMGVGYPDTPGIWNDEQVRGWNNVTKAVHAAGGRIFLQLWHVGRISHPSYLNGELPVAPSAIQPKGHVSLVRPLSDYPTPRALETEEINDIVEAYRSGAENAKAAGFDGVEIHGANGYLLDQFLQSSTNQRTDRYGGSLENRLRLLLEVTDAAIEVWGAQRVGVHLAPRADAHDMGDADRAETFTYVARELGKRGIAFICSREREADDSIGPLIKEAFGGPYIVNERFDKASANAALASGKADAVAFGVPFIANPDLPARLAADAPLNEAHPETFYGKGPVGYIDYPRL,XenB-A232L (E2),,,,"Methyl (2-(1,3-dioxolan-2-yl)ethyl)(4-cyanophenoxy)carbamate, α-Methylstyrene","Methyl (2-(1,3-dioxolan-2-yl)ethyl)(2-phenylpropyl)carbamate",84%,,,97,440,6.5,20,,"52 mM imidazol buffer, 15% DMSO, 15% Glycerol",2,24-48,https://www.nature.com/articles/s41929-023-00994-5#Sec14
MTTLFDPIKLGDLQLPNRIIMAPLTRCRADEGRVPNALMAEYYVQRASAGLILSEATSVSPMGVGYPDTPGIWNDEQVRGWNNVTKAVHAAGGRIFLQLWHVGRISHPSYLNGELPVAPSAIQPKGHVSLVRPLSDYPTPRALETEEINDIVEAYRSGAENAKAAGFDGVEIHGANGYLLDQFLQSSTNQRTDRYGGSLENRLRLLLEVTDAAIEVWGAQRVGVHLAPRADAHDMGDADRAETFTYVARELGKRGIAFICSREREADDSIGPLIKEAFGGPYIVNERFDKASANAALASGKADAVAFGVPFIANPDLPARLAADAPLNEAHPETFYGKGPVGYIDYPRL,XenB-A232L (E2),,,,"Methyl (4-cyanophenoxy)(methyl)carbamate, 4-Methoxy-α-methylstyrene",Methyl (2-(4-methoxyphenyl)propyl)(methyl)carbamate,96%,,,95,440,6.5,20,,"53 mM imidazol buffer, 15% DMSO, 15% Glycerol",2,24-48,https://www.nature.com/articles/s41929-023-00994-5#Sec14
MTTLFDPIKLGDLQLPNRIIMAPLTRCRADEGRVPNALMAEYYVQRASAGLILSEATSVSPMGVGYPDTPGIWNDEQVRGWNNVTKAVHAAGGRIFLQLWHVGRISHPSYLNGELPVAPSAIQPKGHVSLVRPLSDYPTPRALETEEINDIVEAYRSGAENAKAAGFDGVEIHGANGYLLDQFLQSSTNQRTDRYGGSLENRLRLLLEVTDAAIEVWGAQRVGVHLAPRADAHDMGDADRAETFTYVARELGKRGIAFICSREREADDSIGPLIKEAFGGPYIVNERFDKASANAALASGKADAVAFGVPFIANPDLPARLAADAPLNEAHPETFYGKGPVGYIDYPRL,XenB-A232L (E2),,,,"Methyl (4-cyanophenoxy)(methyl)carbamate, 4-Bromo-α-methylstyren",Methyl methyl(2-(m-tolyl)propyl)carbamate,50%,,,97,440,6.5,20,,"54 mM imidazol buffer, 15% DMSO, 15% Glycerol",2,24-48,https://www.nature.com/articles/s41929-023-00994-5#Sec14
MTTLFDPIKLGDLQLPNRIIMAPLTRCRADEGRVPNALMAEYYVQRASAGLILSEATSVSPMGVGYPDTPGIWNDEQVRGWNNVTKAVHAAGGRIFLQLWHVGRISHPSYLNGELPVAPSAIQPKGHVSLVRPLSDYPTPRALETEEINDIVEAYRSGAENAKAAGFDGVEIHGANGYLLDQFLQSSTNQRTDRYGGSLENRLRLLLEVTDAAIEVWGAQRVGVHLAPRADAHDMGDADRAETFTYVARELGKRGIAFICSREREADDSIGPLIKEAFGGPYIVNERFDKASANAALASGKADAVAFGVPFIANPDLPARLAADAPLNEAHPETFYGKGPVGYIDYPRL,XenB-A232L (E2),,,,"Methyl (4-cyanophenoxy)(methyl)carbamate,2-Methyl-α-methylstyrene",Methyl methyl(2-phenylbutyl)carbamate,N/A,,,N/A,440,6.5,20,,"55 mM imidazol buffer, 15% DMSO, 15% Glycerol",2,24-48,https://www.nature.com/articles/s41929-023-00994-5#Sec14
,,,,,"Methyl (4-cyanophenoxy)(methyl)carbamate, 2u","Methyl (2-(benzo[d][1,3]dioxol-5-yl)propyl)(methyl)carbamate",72%,,,88,440,6.5,20,,"56 mM imidazol buffer, 15% DMSO, 15% Glycerol",2,24-48,https://www.nature.com/articles/s41929-023-00994-5#Sec14